"userId","movieId","rating","timestamp","title","genres"
1,31,2.5,1260759144,"Dangerous Minds (1995)","Drama"
1,1029,3,1260759179,"Dumbo (1941)","Animation|Children|Drama|Musical"
1,1061,3,1260759182,"Sleepers (1996)","Thriller"
1,1129,2,1260759185,"Escape from New York (1981)","Action|Adventure|Sci-Fi|Thriller"
1,1172,4,1260759205,"Cinema Paradiso (Nuovo cinema Paradiso) (1989)","Drama"
1,1263,2,1260759151,"Deer Hunter, The (1978)","Drama|War"
1,1287,2,1260759187,"Ben-Hur (1959)","Action|Adventure|Drama"
1,1293,2,1260759148,"Gandhi (1982)","Drama"
1,1339,3.5,1260759125,"Dracula (Bram Stoker's Dracula) (1992)","Fantasy|Horror|Romance|Thriller"
1,1343,2,1260759131,"Cape Fear (1991)","Thriller"
1,1371,2.5,1260759135,"Star Trek: The Motion Picture (1979)","Adventure|Sci-Fi"
1,1405,1,1260759203,"Beavis and Butt-Head Do America (1996)","Adventure|Animation|Comedy|Crime"
1,1953,4,1260759191,"French Connection, The (1971)","Action|Crime|Thriller"
1,2105,4,1260759139,"Tron (1982)","Action|Adventure|Sci-Fi"
1,2150,3,1260759194,"Gods Must Be Crazy, The (1980)","Adventure|Comedy"
1,2193,2,1260759198,"Willow (1988)","Action|Adventure|Fantasy"
1,2294,2,1260759108,"Antz (1998)","Adventure|Animation|Children|Comedy|Fantasy"
1,2455,2.5,1260759113,"Fly, The (1986)","Drama|Horror|Sci-Fi|Thriller"
1,2968,1,1260759200,"Time Bandits (1981)","Adventure|Comedy|Fantasy|Sci-Fi"
1,3671,3,1260759117,"Blazing Saddles (1974)","Comedy|Western"
2,10,4,835355493,"GoldenEye (1995)","Action|Adventure|Thriller"
2,17,5,835355681,"Sense and Sensibility (1995)","Drama|Romance"
2,39,5,835355604,"Clueless (1995)","Comedy|Romance"
2,47,4,835355552,"Seven (a.k.a. Se7en) (1995)","Mystery|Thriller"
2,50,4,835355586,"Usual Suspects, The (1995)","Crime|Mystery|Thriller"
2,52,3,835356031,"Mighty Aphrodite (1995)","Comedy|Drama|Romance"
2,62,3,835355749,"Mr. Holland's Opus (1995)","Drama"
2,110,4,835355532,"Braveheart (1995)","Action|Drama|War"
2,144,3,835356016,"Brothers McMullen, The (1995)","Comedy"
2,150,5,835355395,"Apollo 13 (1995)","Adventure|Drama|IMAX"
2,153,4,835355441,"Batman Forever (1995)","Action|Adventure|Comedy|Crime"
2,161,3,835355493,"Crimson Tide (1995)","Drama|Thriller|War"
2,165,3,835355441,"Die Hard: With a Vengeance (1995)","Action|Crime|Thriller"
2,168,3,835355710,"First Knight (1995)","Action|Drama|Romance"
2,185,3,835355511,"Net, The (1995)","Action|Crime|Thriller"
2,186,3,835355664,"Nine Months (1995)","Comedy|Romance"
2,208,3,835355511,"Waterworld (1995)","Action|Adventure|Sci-Fi"
2,222,5,835355840,"Circle of Friends (1995)","Drama|Romance"
2,223,1,835355749,"Clerks (1994)","Comedy"
2,225,3,835355552,"Disclosure (1994)","Drama|Thriller"
2,235,3,835355664,"Ed Wood (1994)","Comedy|Drama"
2,248,3,835355896,"Houseguest (1994)","Comedy"
2,253,4,835355511,"Interview with the Vampire: The Vampire Chronicles (1994)","Drama|Horror"
2,261,4,835355681,"Little Women (1994)","Drama"
2,265,5,835355697,"Like Water for Chocolate (Como agua para chocolate) (1992)","Drama|Fantasy|Romance"
2,266,5,835355586,"Legends of the Fall (1994)","Drama|Romance|War|Western"
2,272,3,835355767,"Madness of King George, The (1994)","Comedy|Drama"
2,273,4,835355779,"Mary Shelley's Frankenstein (Frankenstein) (1994)","Drama|Horror|Sci-Fi"
2,292,3,835355492,"Outbreak (1995)","Action|Drama|Sci-Fi|Thriller"
2,296,4,835355395,"Pulp Fiction (1994)","Comedy|Crime|Drama|Thriller"
2,300,3,835355532,"Quiz Show (1994)","Drama"
2,314,4,835356044,"Secret of Roan Inish, The (1994)","Children|Drama|Fantasy|Mystery"
2,317,2,835355551,"Santa Clause, The (1994)","Comedy|Drama|Fantasy"
2,319,1,835355918,"Shallow Grave (1994)","Comedy|Drama|Thriller"
2,339,3,835355492,"While You Were Sleeping (1995)","Comedy|Romance"
2,349,4,835355441,"Clear and Present Danger (1994)","Action|Crime|Drama|Thriller"
2,350,4,835355697,"Client, The (1994)","Drama|Mystery|Thriller"
2,356,3,835355628,"Forrest Gump (1994)","Comedy|Drama|Romance|War"
2,357,3,835355749,"Four Weddings and a Funeral (1994)","Comedy|Romance"
2,364,3,835355604,"Lion King, The (1994)","Adventure|Animation|Children|Drama|Musical|IMAX"
2,367,3,835355619,"Mask, The (1994)","Action|Comedy|Crime|Fantasy"
2,370,2,835355932,"Naked Gun 33 1/3: The Final Insult (1994)","Action|Comedy"
2,371,3,835355968,"Paper, The (1994)","Comedy|Drama"
2,372,3,835356094,"Reality Bites (1994)","Comedy|Drama|Romance"
2,377,3,835355710,"Speed (1994)","Action|Romance|Thriller"
2,382,3,835356165,"Wolf (1994)","Drama|Horror|Romance|Thriller"
2,405,2,835356246,"Highlander III: The Sorcerer (a.k.a. Highlander: The Final Dimension) (1994)","Action|Fantasy"
2,410,3,835355532,"Addams Family Values (1993)","Children|Comedy|Fantasy"
2,454,4,835355604,"Firm, The (1993)","Drama|Thriller"
2,457,3,835355511,"Fugitive, The (1993)","Thriller"
2,468,4,835355790,"Englishman Who Went Up a Hill But Came Down a Mountain, The (1995)","Comedy|Romance"
2,474,2,835355828,"In the Line of Fire (1993)","Action|Thriller"
2,480,4,835355643,"Jurassic Park (1993)","Action|Adventure|Sci-Fi|Thriller"
2,485,3,835355918,"Last Action Hero (1993)","Action|Adventure|Comedy|Fantasy"
2,497,3,835355880,"Much Ado About Nothing (1993)","Comedy|Romance"
2,500,4,835355731,"Mrs. Doubtfire (1993)","Comedy|Drama"
2,508,4,835355860,"Philadelphia (1993)","Drama"
2,509,4,835355719,"Piano, The (1993)","Drama|Romance"
2,515,4,835355817,"Remains of the Day, The (1993)","Drama|Romance"
2,527,4,835355731,"Schindler's List (1993)","Drama|War"
2,537,4,835356199,"Sirens (1994)","Drama"
2,539,3,835355767,"Sleepless in Seattle (1993)","Comedy|Drama|Romance"
2,550,3,835356109,"Threesome (1994)","Comedy|Romance"
2,551,5,835355767,"Nightmare Before Christmas, The (1993)","Animation|Children|Fantasy|Musical"
2,552,3,835355860,"Three Musketeers, The (1993)","Action|Adventure|Comedy|Romance"
2,585,5,835355817,"Brady Bunch Movie, The (1995)","Comedy"
2,586,3,835355790,"Home Alone (1990)","Children|Comedy"
2,587,3,835355779,"Ghost (1990)","Comedy|Drama|Fantasy|Romance|Thriller"
2,588,3,835355441,"Aladdin (1992)","Adventure|Animation|Children|Comedy|Musical"
2,589,5,835355697,"Terminator 2: Judgment Day (1991)","Action|Sci-Fi"
2,590,5,835355395,"Dances with Wolves (1990)","Adventure|Drama|Western"
2,592,5,835355395,"Batman (1989)","Action|Crime|Thriller"
2,593,3,835355511,"Silence of the Lambs, The (1991)","Crime|Horror|Thriller"
2,616,3,835355932,"Aristocats, The (1970)","Animation|Children"
2,661,4,835356141,"James and the Giant Peach (1996)","Adventure|Animation|Children|Fantasy|Musical"
2,720,4,835355978,"Wallace & Gromit: The Best of Aardman Animation (1996)","Adventure|Animation|Comedy"
3,60,3,1298861675,"Indian in the Cupboard, The (1995)","Adventure|Children|Fantasy"
3,110,4,1298922049,"Braveheart (1995)","Action|Drama|War"
3,247,3.5,1298861637,"Heavenly Creatures (1994)","Crime|Drama"
3,267,3,1298861761,"Major Payne (1995)","Comedy"
3,296,4.5,1298862418,"Pulp Fiction (1994)","Comedy|Crime|Drama|Thriller"
3,318,5,1298862121,"Shawshank Redemption, The (1994)","Crime|Drama"
3,355,2.5,1298861589,"Flintstones, The (1994)","Children|Comedy|Fantasy"
3,356,5,1298862167,"Forrest Gump (1994)","Comedy|Drama|Romance|War"
3,377,2.5,1298923242,"Speed (1994)","Action|Romance|Thriller"
3,527,3,1298862528,"Schindler's List (1993)","Drama|War"
3,588,3,1298922100,"Aladdin (1992)","Adventure|Animation|Children|Comedy|Musical"
3,592,3,1298923247,"Batman (1989)","Action|Crime|Thriller"
3,593,3,1298921840,"Silence of the Lambs, The (1991)","Crime|Horror|Thriller"
3,595,2,1298923260,"Beauty and the Beast (1991)","Animation|Children|Fantasy|Musical|Romance|IMAX"
3,736,3.5,1298932787,"Twister (1996)","Action|Adventure|Romance|Thriller"
3,778,4,1298863157,"Trainspotting (1996)","Comedy|Crime|Drama"
3,866,3,1298861687,"Bound (1996)","Crime|Drama|Romance|Thriller"
3,1197,5,1298932770,"Princess Bride, The (1987)","Action|Adventure|Comedy|Fantasy|Romance"
3,1210,3,1298921795,"Star Wars: Episode VI - Return of the Jedi (1983)","Action|Adventure|Sci-Fi"
3,1235,4,1298861628,"Harold and Maude (1971)","Comedy|Drama|Romance"
3,1271,3,1298861605,"Fried Green Tomatoes (1991)","Comedy|Crime|Drama"
3,1378,4,1298861658,"Young Guns (1988)","Action|Comedy|Western"
3,1580,3.5,1298922089,"Men in Black (a.k.a. MIB) (1997)","Action|Comedy|Sci-Fi"
3,1721,4.5,1298923236,"Titanic (1997)","Drama|Romance"
3,1884,4,1298863143,"Fear and Loathing in Las Vegas (1998)","Adventure|Comedy|Drama"
3,2028,4,1298921862,"Saving Private Ryan (1998)","Action|Drama|War"
3,2318,4,1298861753,"Happiness (1998)","Comedy|Drama"
3,2513,3,1298861789,"Pet Sematary (1989)","Horror"
3,2694,3,1298862710,"Big Daddy (1999)","Comedy"
3,2702,3.5,1298861796,"Summer of Sam (1999)","Drama"
3,2716,3,1298924017,"Ghostbusters (a.k.a. Ghost Busters) (1984)","Action|Comedy|Sci-Fi"
3,2762,3.5,1298922057,"Sixth Sense, The (1999)","Drama|Horror|Mystery"
3,2841,4,1298861733,"Stir of Echoes (1999)","Horror|Mystery|Thriller"
3,2858,4,1298921825,"American Beauty (1999)","Drama|Romance"
3,2959,5,1298862874,"Fight Club (1999)","Action|Crime|Drama|Thriller"
3,3243,3,1298861968,"Encino Man (1992)","Comedy"
3,3510,4,1298861633,"Frequency (2000)","Drama|Thriller"
3,3949,5,1298863174,"Requiem for a Dream (2000)","Drama"
3,5349,3,1298923266,"Spider-Man (2002)","Action|Adventure|Sci-Fi|Thriller"
3,5669,3.5,1298862672,"Bowling for Columbine (2002)","Documentary"
3,6377,3,1298922080,"Finding Nemo (2003)","Adventure|Animation|Children|Comedy"
3,7153,2.5,1298921787,"Lord of the Rings: The Return of the King, The (2003)","Action|Adventure|Drama|Fantasy"
3,7361,3,1298922065,"Eternal Sunshine of the Spotless Mind (2004)","Drama|Romance|Sci-Fi"
3,8622,3.5,1298861650,"Fahrenheit 9/11 (2004)","Documentary"
3,8636,3,1298932766,"Spider-Man 2 (2004)","Action|Adventure|Sci-Fi|IMAX"
3,27369,3.5,1298862555,"Daria: Is It Fall Yet? (2000)","Animation|Comedy"
3,44191,3.5,1298932740,"V for Vendetta (2006)","Action|Sci-Fi|Thriller|IMAX"
3,48783,4.5,1298862361,"Flags of Our Fathers (2006)","Drama|War"
3,50068,4.5,1298862467,"Letters from Iwo Jima (2006)","Drama|War"
3,58559,3,1298922071,"Dark Knight, The (2008)","Action|Crime|Drama|IMAX"
3,84236,4,1298922130,"White Stripes Under Great White Northern Lights, The (2009)","Documentary"
4,10,4,949810645,"GoldenEye (1995)","Action|Adventure|Thriller"
4,34,5,949919556,"Babe (1995)","Children|Drama"
4,112,5,949810582,"Rumble in the Bronx (Hont faan kui) (1995)","Action|Adventure|Comedy|Crime"
4,141,5,949919681,"Birdcage, The (1996)","Comedy"
4,153,4,949811346,"Batman Forever (1995)","Action|Adventure|Comedy|Crime"
4,173,3,949811346,"Judge Dredd (1995)","Action|Crime|Sci-Fi"
4,185,3,949920047,"Net, The (1995)","Action|Crime|Thriller"
4,260,5,949779042,"Star Wars: Episode IV - A New Hope (1977)","Action|Adventure|Sci-Fi"
4,289,4,949778802,"Only You (1994)","Comedy|Romance"
4,296,5,949895708,"Pulp Fiction (1994)","Comedy|Crime|Drama|Thriller"
4,329,3,949810618,"Star Trek: Generations (1994)","Adventure|Drama|Sci-Fi"
4,349,5,949810582,"Clear and Present Danger (1994)","Action|Crime|Drama|Thriller"
4,356,5,949919763,"Forrest Gump (1994)","Comedy|Drama|Romance|War"
4,357,5,949919681,"Four Weddings and a Funeral (1994)","Comedy|Romance"
4,364,5,949949538,"Lion King, The (1994)","Adventure|Animation|Children|Drama|Musical|IMAX"
4,367,4,949895887,"Mask, The (1994)","Action|Comedy|Crime|Fantasy"
4,380,3,949810534,"True Lies (1994)","Action|Adventure|Comedy|Romance|Thriller"
4,410,3,949919883,"Addams Family Values (1993)","Children|Comedy|Fantasy"
4,431,3,949895772,"Carlito's Way (1993)","Crime|Drama"
4,434,4,949810688,"Cliffhanger (1993)","Action|Adventure|Thriller"
4,435,1,949920135,"Coneheads (1993)","Comedy|Sci-Fi"
4,440,4,949919802,"Dave (1993)","Comedy|Romance"
4,442,4,949920028,"Demolition Man (1993)","Action|Adventure|Sci-Fi"
4,464,4,949811315,"Hard Target (1993)","Action|Adventure|Crime|Thriller"
4,480,5,949810582,"Jurassic Park (1993)","Action|Adventure|Sci-Fi|Thriller"
4,541,5,949779091,"Blade Runner (1982)","Action|Sci-Fi|Thriller"
4,588,5,949949486,"Aladdin (1992)","Adventure|Animation|Children|Comedy|Musical"
4,589,5,949919938,"Terminator 2: Judgment Day (1991)","Action|Sci-Fi"
4,590,3,949810534,"Dances with Wolves (1990)","Adventure|Drama|Western"
4,594,5,949949538,"Snow White and the Seven Dwarfs (1937)","Animation|Children|Drama|Fantasy|Musical"
4,596,5,949949638,"Pinocchio (1940)","Animation|Children|Fantasy|Musical"
4,610,4,949982238,"Heavy Metal (1981)","Action|Adventure|Animation|Horror|Sci-Fi"
4,616,5,949949444,"Aristocats, The (1970)","Animation|Children"
4,858,5,949779022,"Godfather, The (1972)","Crime|Drama"
4,903,5,949919189,"Vertigo (1958)","Drama|Mystery|Romance|Thriller"
4,910,4,949919306,"Some Like It Hot (1959)","Comedy|Crime"
4,913,5,949919247,"Maltese Falcon, The (1941)","Film-Noir|Mystery"
4,919,5,949949396,"Wizard of Oz, The (1939)","Adventure|Children|Fantasy|Musical"
4,1011,4,949919454,"Herbie Rides Again (1974)","Children|Comedy|Fantasy|Romance"
4,1016,4,949919322,"Shaggy Dog, The (1959)","Children|Comedy"
4,1022,5,949949638,"Cinderella (1950)","Animation|Children|Fantasy|Musical|Romance"
4,1028,5,949949638,"Mary Poppins (1964)","Children|Comedy|Fantasy|Musical"
4,1030,5,949896377,"Pete's Dragon (1977)","Adventure|Animation|Children|Musical"
4,1031,5,949896377,"Bedknobs and Broomsticks (1971)","Adventure|Children|Musical"
4,1032,5,949949538,"Alice in Wonderland (1951)","Adventure|Animation|Children|Fantasy|Musical"
4,1033,5,949949638,"Fox and the Hound, The (1981)","Animation|Children|Drama"
4,1036,5,949896244,"Die Hard (1988)","Action|Crime|Thriller"
4,1073,5,949919372,"Willy Wonka & the Chocolate Factory (1971)","Children|Comedy|Fantasy|Musical"
4,1079,5,949811523,"Fish Called Wanda, A (1988)","Comedy|Crime"
4,1089,5,949895732,"Reservoir Dogs (1992)","Crime|Mystery|Thriller"
4,1097,5,949778771,"E.T. the Extra-Terrestrial (1982)","Children|Drama|Sci-Fi"
4,1125,5,949919399,"Return of the Pink Panther, The (1975)","Comedy|Crime"
4,1127,5,949896275,"Abyss, The (1989)","Action|Adventure|Sci-Fi|Thriller"
4,1136,5,949919372,"Monty Python and the Holy Grail (1975)","Adventure|Comedy|Fantasy"
4,1194,5,949919419,"Cheech and Chong's Up in Smoke (1978)","Comedy"
4,1196,5,949779173,"Star Wars: Episode V - The Empire Strikes Back (1980)","Action|Adventure|Sci-Fi"
4,1197,5,949811490,"Princess Bride, The (1987)","Action|Adventure|Comedy|Fantasy|Romance"
4,1198,5,949779173,"Raiders of the Lost Ark (Indiana Jones and the Raiders of the Lost Ark) (1981)","Action|Adventure"
4,1200,5,949896244,"Aliens (1986)","Action|Adventure|Horror|Sci-Fi"
4,1206,5,949896159,"Clockwork Orange, A (1971)","Crime|Drama|Sci-Fi|Thriller"
4,1208,5,949779173,"Apocalypse Now (1979)","Action|Drama|War"
4,1210,5,949778714,"Star Wars: Episode VI - Return of the Jedi (1983)","Action|Adventure|Sci-Fi"
4,1213,5,949895708,"Goodfellas (1990)","Crime|Drama"
4,1214,5,949810261,"Alien (1979)","Horror|Sci-Fi"
4,1219,5,949779173,"Psycho (1960)","Crime|Horror"
4,1220,5,949811523,"Blues Brothers, The (1980)","Action|Comedy|Musical"
4,1222,5,949918693,"Full Metal Jacket (1987)","Drama|War"
4,1225,5,949779173,"Amadeus (1984)","Drama"
4,1230,5,949919372,"Annie Hall (1977)","Comedy|Romance"
4,1240,5,949896244,"Terminator, The (1984)","Action|Sci-Fi|Thriller"
4,1243,5,949919519,"Rosencrantz and Guildenstern Are Dead (1990)","Comedy|Drama"
4,1257,5,949811602,"Better Off Dead... (1985)","Comedy|Romance"
4,1258,5,949918743,"Shining, The (1980)","Horror"
4,1259,4,949811559,"Stand by Me (1986)","Adventure|Drama"
4,1265,5,949919591,"Groundhog Day (1993)","Comedy|Fantasy|Romance"
4,1270,5,949811523,"Back to the Future (1985)","Adventure|Comedy|Sci-Fi"
4,1278,5,949919372,"Young Frankenstein (1974)","Comedy|Fantasy"
4,1282,5,949949396,"Fantasia (1940)","Animation|Children|Fantasy|Musical"
4,1285,4,949811559,"Heathers (1989)","Comedy"
4,1288,5,949811490,"This Is Spinal Tap (1984)","Comedy"
4,1291,5,949918743,"Indiana Jones and the Last Crusade (1989)","Action|Adventure"
4,1298,4,949918927,"Pink Floyd: The Wall (1982)","Drama|Musical"
4,1307,4,949811602,"When Harry Met Sally... (1989)","Comedy|Romance"
4,1332,4,949896275,"Believers, The (1987)","Horror|Thriller"
4,1334,5,949982274,"Blob, The (1958)","Horror|Sci-Fi"
4,1344,5,949919247,"Cape Fear (1962)","Crime|Drama|Thriller"
4,1356,4,949810582,"Star Trek: First Contact (1996)","Action|Adventure|Sci-Fi|Thriller"
4,1371,4,949810302,"Star Trek: The Motion Picture (1979)","Adventure|Sci-Fi"
4,1372,3,949920004,"Star Trek VI: The Undiscovered Country (1991)","Action|Mystery|Sci-Fi"
4,1374,4,949918787,"Star Trek II: The Wrath of Khan (1982)","Action|Adventure|Sci-Fi|Thriller"
4,1376,3,949918904,"Star Trek IV: The Voyage Home (1986)","Adventure|Comedy|Sci-Fi"
4,1377,3,949810688,"Batman Returns (1992)","Action|Crime"
4,1380,5,949896377,"Grease (1978)","Comedy|Musical|Romance"
4,1387,5,949810261,"Jaws (1975)","Action|Horror"
4,1388,4,949810302,"Jaws 2 (1978)","Horror|Thriller"
4,1396,5,949895772,"Sneakers (1992)","Action|Comedy|Crime|Drama|Sci-Fi"
4,1544,3,949811230,"Lost World: Jurassic Park, The (1997)","Action|Adventure|Sci-Fi|Thriller"
4,1580,5,949919978,"Men in Black (a.k.a. MIB) (1997)","Action|Comedy|Sci-Fi"
4,1663,4,949811559,"Stripes (1981)","Comedy|War"
4,1674,5,949896244,"Witness (1985)","Drama|Romance|Thriller"
4,1805,1,949895864,"Wild Things (1998)","Crime|Drama|Mystery|Thriller"
4,1858,5,949919738,"Mr. Nice Guy (Yat goh ho yan) (1997)","Action|Comedy"
4,1917,4,949810688,"Armageddon (1998)","Action|Romance|Sci-Fi|Thriller"
4,1918,2,949895956,"Lethal Weapon 4 (1998)","Action|Comedy|Crime|Thriller"
4,1953,5,949810261,"French Connection, The (1971)","Action|Crime|Thriller"
4,1954,5,949810261,"Rocky (1976)","Drama"
4,1961,5,949918743,"Rain Man (1988)","Drama"
4,1967,3,949949538,"Labyrinth (1986)","Adventure|Fantasy|Musical"
4,1968,5,949811559,"Breakfast Club, The (1985)","Comedy|Drama"
4,1994,5,949896309,"Poltergeist (1982)","Horror|Thriller"
4,2000,5,949811602,"Lethal Weapon (1987)","Action|Comedy|Crime|Drama"
4,2002,3,949895907,"Lethal Weapon 3 (1992)","Action|Comedy|Crime|Drama"
4,2003,2,949918970,"Gremlins (1984)","Comedy|Horror"
4,2005,5,949896070,"Goonies, The (1985)","Action|Adventure|Children|Comedy|Fantasy"
4,2014,4,949919454,"Freaky Friday (1977)","Children|Comedy|Fantasy"
4,2018,5,949778771,"Bambi (1942)","Animation|Children|Drama"
4,2020,4,949811738,"Dangerous Liaisons (1988)","Drama|Romance"
4,2021,4,949896114,"Dune (1984)","Adventure|Sci-Fi"
4,2033,4,949982239,"Black Cauldron, The (1985)","Adventure|Animation|Children|Fantasy"
4,2034,4,949896183,"Black Hole, The (1979)","Children|Sci-Fi"
4,2046,5,949810618,"Flight of the Navigator (1986)","Adventure|Children|Sci-Fi"
4,2054,3,949896114,"Honey, I Shrunk the Kids (1989)","Adventure|Children|Comedy|Fantasy|Sci-Fi"
4,2064,5,949918648,"Roger & Me (1989)","Documentary"
4,2078,5,949949444,"Jungle Book, The (1967)","Animation|Children|Comedy|Musical"
4,2080,5,949919306,"Lady and the Tramp (1955)","Animation|Children|Comedy|Romance"
4,2081,4,949982239,"Little Mermaid, The (1989)","Animation|Children|Comedy|Musical|Romance"
4,2085,5,949949444,"101 Dalmatians (One Hundred and One Dalmatians) (1961)","Adventure|Animation|Children"
4,2086,5,949896114,"One Magic Christmas (1985)","Drama|Fantasy"
4,2087,5,949949638,"Peter Pan (1953)","Animation|Children|Fantasy|Musical"
4,2091,5,949896183,"Return from Witch Mountain (1978)","Children|Sci-Fi"
4,2094,4,949920028,"Rocketeer, The (1991)","Action|Adventure|Sci-Fi"
4,2096,5,949949538,"Sleeping Beauty (1959)","Animation|Children|Musical"
4,2100,5,949896114,"Splash (1984)","Comedy|Fantasy|Romance"
4,2102,5,949949396,"Steamboat Willie (1928)","Animation|Children|Comedy|Musical"
4,2105,4,949896114,"Tron (1982)","Action|Adventure|Sci-Fi"
4,2109,5,949919399,"Jerk, The (1979)","Comedy"
4,2110,3,949896309,"Dead Men Don't Wear Plaid (1982)","Comedy|Crime|Thriller"
4,2114,5,949918927,"Outsiders, The (1983)","Drama"
4,2115,5,949918994,"Indiana Jones and the Temple of Doom (1984)","Action|Adventure|Fantasy"
4,2124,4,949919763,"Addams Family, The (1991)","Children|Comedy|Fantasy"
4,2140,5,949896070,"Dark Crystal, The (1982)","Adventure|Fantasy"
4,2141,4,949982239,"American Tail, An (1986)","Adventure|Animation|Children|Comedy"
4,2143,4,949896114,"Legend (1985)","Adventure|Fantasy|Romance"
4,2144,5,949811603,"Sixteen Candles (1984)","Comedy|Romance"
4,2161,5,949896070,"NeverEnding Story, The (1984)","Adventure|Children|Fantasy"
4,2174,5,949896070,"Beetlejuice (1988)","Comedy|Fantasy"
4,2193,3,949896070,"Willow (1988)","Action|Adventure|Fantasy"
4,2194,5,949918764,"Untouchables, The (1987)","Action|Crime|Drama"
4,2248,4,949811559,"Say Anything... (1989)","Comedy|Drama|Romance"
4,2263,3,949896309,"Seventh Sign, The (1988)","Drama|Fantasy|Thriller"
4,2268,5,949895772,"Few Good Men, A (1992)","Crime|Drama|Thriller"
4,2289,5,949919556,"Player, The (1992)","Comedy|Crime|Drama"
4,2348,4,949918927,"Sid and Nancy (1986)","Drama"
4,2371,4,949811603,"Fletch (1985)","Comedy|Crime|Mystery"
4,2403,4,949918994,"First Blood (Rambo: First Blood) (1982)","Action|Adventure|Drama|Thriller"
4,2406,5,949918994,"Romancing the Stone (1984)","Action|Adventure|Comedy|Romance"
4,2409,4,949810302,"Rocky II (1979)","Action|Drama"
4,2454,5,949982274,"Fly, The (1958)","Horror|Mystery|Sci-Fi"
4,2467,5,949918875,"Name of the Rose, The (Name der Rose, Der) (1986)","Crime|Drama|Mystery|Thriller"
4,2551,4,949896275,"Dead Ringers (1988)","Drama|Horror|Thriller"
4,2616,1,949895993,"Dick Tracy (1990)","Action|Crime"
4,2628,5,949810582,"Star Wars: Episode I - The Phantom Menace (1999)","Action|Adventure|Sci-Fi"
4,2640,5,949810261,"Superman (1978)","Action|Adventure|Sci-Fi"
4,2659,3,949918671,"It Came from Hollywood (1982)","Comedy|Documentary"
4,2683,4,949896497,"Austin Powers: The Spy Who Shagged Me (1999)","Action|Adventure|Comedy"
4,2699,4,949896497,"Arachnophobia (1990)","Comedy|Horror"
4,2716,5,949811523,"Ghostbusters (a.k.a. Ghost Busters) (1984)","Action|Comedy|Sci-Fi"
4,2723,5,949810582,"Mystery Men (1999)","Action|Comedy|Fantasy"
4,2734,4,949778714,"Mosquito Coast, The (1986)","Adventure|Drama|Thriller"
4,2770,1,949896521,"Bowfinger (1999)","Comedy"
4,2788,5,949919399,"Monty Python's And Now for Something Completely Different (1971)","Comedy"
4,2791,5,949811490,"Airplane! (1980)","Comedy"
4,2795,4,949811603,"National Lampoon's Vacation (1983)","Comedy"
4,2797,5,949896070,"Big (1988)","Comedy|Drama|Fantasy|Romance"
4,2804,5,949811738,"Christmas Story, A (1983)","Children|Comedy"
4,2822,3,949811230,"Medicine Man (1992)","Adventure|Romance"
4,2867,3,949918875,"Fright Night (1985)","Comedy|Horror|Thriller"
4,2872,5,949896114,"Excalibur (1981)","Adventure|Fantasy"
4,2877,5,949896377,"Tommy (1975)","Musical"
4,2902,2,949896309,"Psycho II (1983)","Horror|Mystery|Thriller"
4,2903,1,949896309,"Psycho III (1986)","Horror|Thriller"
4,2916,4,949810534,"Total Recall (1990)","Action|Adventure|Sci-Fi|Thriller"
4,2918,5,949811559,"Ferris Bueller's Day Off (1986)","Comedy"
4,2968,5,949896070,"Time Bandits (1981)","Adventure|Comedy|Fantasy|Sci-Fi"
4,2986,3,949896015,"RoboCop 2 (1990)","Action|Crime|Sci-Fi|Thriller"
4,2987,5,949918807,"Who Framed Roger Rabbit? (1988)","Adventure|Animation|Children|Comedy|Crime|Fantasy|Mystery"
4,2991,5,949810261,"Live and Let Die (1973)","Action|Adventure|Thriller"
4,3016,3,949896543,"Creepshow (1982)","Horror"
4,3034,5,949949444,"Robin Hood (1973)","Adventure|Animation|Children|Comedy|Musical"
4,3039,4,949811559,"Trading Places (1983)","Comedy"
4,3040,5,949919419,"Meatballs (1979)","Comedy"
4,3060,5,949919656,"Commitments, The (1991)","Comedy|Drama|Musical"
4,3071,4,949918715,"Stand and Deliver (1988)","Comedy|Drama"
4,3101,4,949896275,"Fatal Attraction (1987)","Drama|Thriller"
4,3104,4,949811603,"Midnight Run (1988)","Action|Comedy|Crime|Thriller"
4,3108,5,949919738,"Fisher King, The (1991)","Comedy|Drama|Fantasy|Romance"
4,3169,4,949918904,"The Falcon and the Snowman (1985)","Crime|Drama|Thriller"
4,3208,2,949778946,"Loaded Weapon 1 (National Lampoon's Loaded Weapon 1) (1993)","Action|Comedy"
4,3210,4,949811523,"Fast Times at Ridgemont High (1982)","Comedy|Drama|Romance"
4,3251,5,949918970,"Agnes of God (1985)","Drama|Mystery"
4,3255,4,949919738,"League of Their Own, A (1992)","Comedy|Drama"
4,3263,3,949919845,"White Men Can't Jump (1992)","Comedy|Drama"
4,3265,5,949895732,"Hard-Boiled (Lat sau san taam) (1992)","Action|Crime|Drama|Thriller"
4,4006,2,949982238,"Transformers: The Movie (1986)","Adventure|Animation|Children|Sci-Fi"
5,3,4,1163374957,"Grumpier Old Men (1995)","Comedy|Romance"
5,39,4,1163374952,"Clueless (1995)","Comedy|Romance"
5,104,4,1163374639,"Happy Gilmore (1996)","Comedy"
5,141,4,1163374242,"Birdcage, The (1996)","Comedy"
5,150,4,1163374404,"Apollo 13 (1995)","Adventure|Drama|IMAX"
5,231,3.5,1163373762,"Dumb & Dumber (Dumb and Dumber) (1994)","Adventure|Comedy"
5,277,4.5,1163373208,"Miracle on 34th Street (1994)","Drama"
5,344,3.5,1163373636,"Ace Ventura: Pet Detective (1994)","Comedy"
5,356,4,1163374152,"Forrest Gump (1994)","Comedy|Drama|Romance|War"
5,364,4,1163373752,"Lion King, The (1994)","Adventure|Animation|Children|Drama|Musical|IMAX"
5,367,4,1163373755,"Mask, The (1994)","Action|Comedy|Crime|Fantasy"
5,377,4,1163373610,"Speed (1994)","Action|Romance|Thriller"
5,440,4,1163374477,"Dave (1993)","Comedy|Romance"
5,500,4.5,1163373718,"Mrs. Doubtfire (1993)","Comedy|Drama"
5,586,4,1163374392,"Home Alone (1990)","Children|Comedy"
5,588,3.5,1163373551,"Aladdin (1992)","Adventure|Animation|Children|Comedy|Musical"
5,595,4,1163374190,"Beauty and the Beast (1991)","Animation|Children|Fantasy|Musical|Romance|IMAX"
5,597,5,1163373711,"Pretty Woman (1990)","Comedy|Romance"
5,788,3.5,1163374993,"Nutty Professor, The (1996)","Comedy|Fantasy|Romance|Sci-Fi"
5,858,2.5,1163373651,"Godfather, The (1972)","Crime|Drama"
5,903,3.5,1163373135,"Vertigo (1958)","Drama|Mystery|Romance|Thriller"
5,919,4,1163374286,"Wizard of Oz, The (1939)","Adventure|Children|Fantasy|Musical"
5,1022,4,1163373316,"Cinderella (1950)","Animation|Children|Fantasy|Musical|Romance"
5,1035,5,1163373103,"Sound of Music, The (1965)","Musical|Romance"
5,1193,3,1163374173,"One Flew Over the Cuckoo's Nest (1975)","Drama"
5,1221,2.5,1163374239,"Godfather: Part II, The (1974)","Crime|Drama"
5,1247,4,1163374582,"Graduate, The (1967)","Comedy|Drama|Romance"
5,1307,4,1163374495,"When Harry Met Sally... (1989)","Comedy|Romance"
5,1380,5,1163373044,"Grease (1978)","Comedy|Musical|Romance"
5,1393,3.5,1163374165,"Jerry Maguire (1996)","Drama|Romance"
5,1485,4.5,1163374608,"Liar Liar (1997)","Comedy"
5,1544,3.5,1163374562,"Lost World: Jurassic Park, The (1997)","Action|Adventure|Sci-Fi|Thriller"
5,1682,4,1163374214,"Truman Show, The (1998)","Comedy|Drama|Sci-Fi"
5,1721,4,1163373744,"Titanic (1997)","Drama|Romance"
5,1777,4,1163374601,"Wedding Singer, The (1998)","Comedy|Romance"
5,1784,4.5,1163374251,"As Good as It Gets (1997)","Comedy|Drama|Romance"
5,1923,4.5,1163373726,"There's Something About Mary (1998)","Comedy|Romance"
5,1961,4,1163373675,"Rain Man (1988)","Drama"
5,1968,4,1163374324,"Breakfast Club, The (1985)","Comedy|Drama"
5,1997,3.5,1163374593,"Exorcist, The (1973)","Horror|Mystery"
5,2023,1.5,1163373188,"Godfather: Part III, The (1990)","Crime|Drama|Mystery|Thriller"
5,2081,5,1163373109,"Little Mermaid, The (1989)","Animation|Children|Comedy|Musical|Romance"
5,2273,4,1163373276,"Rush Hour (1998)","Action|Comedy|Crime|Thriller"
5,2294,4,1163373251,"Antz (1998)","Adventure|Animation|Children|Comedy|Fantasy"
5,2355,3.5,1163374184,"Bug's Life, A (1998)","Adventure|Animation|Children|Comedy"
5,2424,4,1163373193,"You've Got Mail (1998)","Comedy|Romance"
5,2502,3.5,1163374290,"Office Space (1999)","Comedy|Crime"
5,2683,4,1163373679,"Austin Powers: The Spy Who Shagged Me (1999)","Action|Adventure|Comedy"
5,2694,4.5,1163373293,"Big Daddy (1999)","Comedy"
5,2706,4,1163374246,"American Pie (1999)","Comedy|Romance"
5,2762,3.5,1163373743,"Sixth Sense, The (1999)","Drama|Horror|Mystery"
5,2770,3.5,1163374947,"Bowfinger (1999)","Comedy"
5,2918,3.5,1163374278,"Ferris Bueller's Day Off (1986)","Comedy"
5,2997,3.5,1163374127,"Being John Malkovich (1999)","Comedy|Drama|Fantasy"
5,3114,3.5,1163374263,"Toy Story 2 (1999)","Adventure|Animation|Children|Comedy|Fantasy"
5,3176,3.5,1163374408,"Talented Mr. Ripley, The (1999)","Drama|Mystery|Thriller"
5,3408,4,1163374137,"Erin Brockovich (2000)","Drama"
5,3753,3.5,1163373148,"Patriot, The (2000)","Action|Drama|War"
5,3897,4.5,1163374235,"Almost Famous (2000)","Drama"
5,3948,3.5,1163374198,"Meet the Parents (2000)","Comedy"
5,4014,4,1163373273,"Chocolat (2000)","Drama|Romance"
5,4018,4,1163375025,"What Women Want (2000)","Comedy|Romance"
5,4022,3.5,1163373696,"Cast Away (2000)","Drama"
5,4025,4.5,1163375145,"Miss Congeniality (2000)","Comedy|Crime"
5,4306,3.5,1163374103,"Shrek (2001)","Adventure|Animation|Children|Comedy|Fantasy|Romance"
5,4308,3.5,1163374354,"Moulin Rouge (2001)","Drama|Musical|Romance"
5,4447,4.5,1163375033,"Legally Blonde (2001)","Comedy|Romance"
5,4718,3.5,1163375131,"American Pie 2 (2001)","Comedy"
5,4963,3,1163373548,"Ocean's Eleven (2001)","Crime|Thriller"
5,4995,4.5,1163373616,"Beautiful Mind, A (2001)","Drama|Romance"
5,5266,3.5,1163374995,"Panic Room (2002)","Thriller"
5,5299,4.5,1163373299,"My Big Fat Greek Wedding (2002)","Comedy|Romance"
5,5349,4.5,1163373606,"Spider-Man (2002)","Action|Adventure|Sci-Fi|Thriller"
5,5464,4,1163374443,"Road to Perdition (2002)","Crime|Drama"
5,5669,3.5,1163374206,"Bowling for Columbine (2002)","Documentary"
5,5679,4.5,1163374389,"Ring, The (2002)","Horror|Mystery|Thriller"
5,5816,3,1163373688,"Harry Potter and the Chamber of Secrets (2002)","Adventure|Fantasy"
5,5995,4,1163374533,"Pianist, The (2002)","Drama|War"
5,6218,3.5,1163374491,"Bend It Like Beckham (2002)","Comedy|Drama|Romance"
5,6373,4,1163374572,"Bruce Almighty (2003)","Comedy|Drama|Fantasy|Romance"
5,6377,4,1163373626,"Finding Nemo (2003)","Adventure|Animation|Children|Comedy"
5,6502,4,1163374455,"28 Days Later (2002)","Action|Horror|Sci-Fi"
5,6711,2.5,1163373238,"Lost in Translation (2003)","Comedy|Drama|Romance"
5,6942,4,1163374511,"Love Actually (2003)","Comedy|Drama|Romance"
5,8376,4,1163374742,"Napoleon Dynamite (2004)","Comedy"
5,8464,4,1163374381,"Super Size Me (2004)","Comedy|Documentary|Drama"
5,8622,3.5,1163374118,"Fahrenheit 9/11 (2004)","Documentary"
5,8636,4.5,1163373593,"Spider-Man 2 (2004)","Action|Adventure|Sci-Fi|IMAX"
5,8644,4,1163374426,"I, Robot (2004)","Action|Adventure|Sci-Fi|Thriller"
5,30707,4.5,1163374340,"Million Dollar Baby (2004)","Drama"
5,30749,4.5,1163374702,"Hotel Rwanda (2004)","Drama|War"
5,30793,3.5,1163374177,"Charlie and the Chocolate Factory (2005)","Adventure|Children|Comedy|Fantasy|IMAX"
5,33166,5,1163374211,"Crash (2004)","Crime|Drama"
5,33679,4,1163374517,"Mr. & Mrs. Smith (2005)","Action|Adventure|Comedy|Romance"
5,34162,4.5,1163374227,"Wedding Crashers (2005)","Comedy|Romance"
5,35836,4,1163374275,"40-Year-Old Virgin, The (2005)","Comedy|Romance"
5,40819,4.5,1163374283,"Walk the Line (2005)","Drama|Musical|Romance"
5,41566,4,1163374144,"Chronicles of Narnia: The Lion, the Witch and the Wardrobe, The (2005)","Adventure|Children|Fantasy"
5,41569,4,1163374167,"King Kong (2005)","Action|Adventure|Drama|Fantasy|Thriller"
5,48385,4.5,1163374357,"Borat: Cultural Learnings of America for Make Benefit Glorious Nation of Kazakhstan (2006)","Comedy"
6,111,4,1109258212,"Taxi Driver (1976)","Crime|Drama|Thriller"
6,158,2,1108134263,"Casper (1995)","Adventure|Children"
6,173,2,1109258228,"Judge Dredd (1995)","Action|Crime|Sci-Fi"
6,293,5,1108134539,"Léon: The Professional (a.k.a. The Professional) (Léon) (1994)","Action|Crime|Drama|Thriller"
6,596,4,1108134269,"Pinocchio (1940)","Animation|Children|Fantasy|Musical"
6,903,4,1108134299,"Vertigo (1958)","Drama|Mystery|Romance|Thriller"
6,1204,5,1108134266,"Lawrence of Arabia (1962)","Adventure|Drama|War"
6,1250,4.5,1108134284,"Bridge on the River Kwai, The (1957)","Adventure|Drama|War"
6,1259,4.5,1109258196,"Stand by Me (1986)","Adventure|Drama"
6,1276,4.5,1108134309,"Cool Hand Luke (1967)","Drama"
6,1285,4.5,1108134339,"Heathers (1989)","Comedy"
6,1358,2,1109258181,"Sling Blade (1996)","Drama"
6,1639,2,1109258179,"Chasing Amy (1997)","Comedy|Drama|Romance"
6,1687,2,1109258281,"Jackal, The (1997)","Action|Thriller"
6,1747,2,1109258194,"Wag the Dog (1997)","Comedy"
6,1876,0.5,1108134334,"Deep Impact (1998)","Drama|Sci-Fi|Thriller"
6,1909,3,1108134344,"X-Files: Fight the Future, The (1998)","Action|Crime|Mystery|Sci-Fi|Thriller"
6,2001,3,1108134289,"Lethal Weapon 2 (1989)","Action|Comedy|Crime|Drama"
6,2019,4,1109258270,"Seven Samurai (Shichinin no samurai) (1954)","Action|Adventure|Drama"
6,2072,4,1109258285,"'burbs, The (1989)","Comedy"
6,2174,4,1109258175,"Beetlejuice (1988)","Comedy|Fantasy"
6,2502,3.5,1108134291,"Office Space (1999)","Comedy|Crime"
6,2528,3,1109258245,"Logan's Run (1976)","Action|Adventure|Sci-Fi"
6,2529,4,1108134293,"Planet of the Apes (1968)","Action|Drama|Sci-Fi"
6,2571,1,1109258202,"Matrix, The (1999)","Action|Sci-Fi|Thriller"
6,2657,2,1108134271,"Rocky Horror Picture Show, The (1975)","Comedy|Horror|Musical|Sci-Fi"
6,2692,4,1108134274,"Run Lola Run (Lola rennt) (1998)","Action|Crime"
6,2723,3,1109258257,"Mystery Men (1999)","Action|Comedy|Fantasy"
6,2761,4.5,1108134545,"Iron Giant, The (1999)","Adventure|Animation|Children|Drama|Sci-Fi"
6,2890,3,1109258199,"Three Kings (1999)","Action|Adventure|Comedy|Drama|War"
6,3052,1,1108134337,"Dogma (1999)","Adventure|Comedy|Fantasy"
6,3114,4,1109258183,"Toy Story 2 (1999)","Adventure|Animation|Children|Comedy|Fantasy"
6,3300,3.5,1109258250,"Pitch Black (2000)","Horror|Sci-Fi|Thriller"
6,3751,1.5,1109258190,"Chicken Run (2000)","Animation|Children|Comedy"
6,4641,1.5,1109258217,"Ghost World (2001)","Comedy|Drama"
6,4975,1.5,1109258226,"Vanilla Sky (2001)","Mystery|Romance|Sci-Fi|Thriller"
6,5952,5,1108134311,"Lord of the Rings: The Two Towers, The (2002)","Adventure|Fantasy"
6,7090,3,1108134534,"Hero (Ying xiong) (2002)","Action|Adventure|Drama"
6,7153,5,1108134519,"Lord of the Rings: The Return of the King, The (2003)","Action|Adventure|Drama|Fantasy"
6,7361,4,1108134524,"Eternal Sunshine of the Spotless Mind (2004)","Drama|Romance|Sci-Fi"
6,8368,3.5,1108134526,"Harry Potter and the Prisoner of Azkaban (2004)","Adventure|Fantasy|IMAX"
6,8636,4,1108134537,"Spider-Man 2 (2004)","Action|Adventure|Sci-Fi|IMAX"
6,8784,3,1108134531,"Garden State (2004)","Comedy|Drama|Romance"
6,8874,4.5,1108134521,"Shaun of the Dead (2004)","Comedy|Horror"
7,1,3,851866703,"Toy Story (1995)","Adventure|Animation|Children|Comedy|Fantasy"
7,10,3,851869035,"GoldenEye (1995)","Action|Adventure|Thriller"
7,21,3,851867289,"Get Shorty (1995)","Comedy|Crime|Thriller"
7,31,3,851868750,"Dangerous Minds (1995)","Drama"
7,34,4,851867861,"Babe (1995)","Children|Drama"
7,40,4,851866901,"Cry, the Beloved Country (1995)","Drama"
7,104,3,851866744,"Happy Gilmore (1996)","Comedy"
7,110,5,851868188,"Braveheart (1995)","Action|Drama|War"
7,112,4,851866720,"Rumble in the Bronx (Hont faan kui) (1995)","Action|Adventure|Comedy|Crime"
7,141,4,851866704,"Birdcage, The (1996)","Comedy"
7,151,4,851868206,"Rob Roy (1995)","Action|Drama|Romance|War"
7,198,2,851868704,"Strange Days (1995)","Action|Crime|Drama|Mystery|Sci-Fi|Thriller"
7,207,3,851868705,"Walk in the Clouds, A (1995)","Drama|Romance"
7,260,5,851869062,"Star Wars: Episode IV - A New Hope (1977)","Action|Adventure|Sci-Fi"
7,272,3,851868188,"Madness of King George, The (1994)","Comedy|Drama"
7,316,2,851869161,"Stargate (1994)","Action|Adventure|Sci-Fi"
7,318,5,851868187,"Shawshank Redemption, The (1994)","Crime|Drama"
7,329,3,851868524,"Star Trek: Generations (1994)","Adventure|Drama|Sci-Fi"
7,333,3,851867345,"Tommy Boy (1995)","Comedy"
7,345,3,851867621,"Adventures of Priscilla, Queen of the Desert, The (1994)","Comedy|Drama"
7,355,3,851867941,"Flintstones, The (1994)","Children|Comedy|Fantasy"
7,356,3,851868188,"Forrest Gump (1994)","Comedy|Drama|Romance|War"
7,357,3,851867436,"Four Weddings and a Funeral (1994)","Comedy|Romance"
7,364,3,851868020,"Lion King, The (1994)","Adventure|Animation|Children|Drama|Musical|IMAX"
7,367,3,851867790,"Mask, The (1994)","Action|Comedy|Crime|Fantasy"
7,377,3,851869291,"Speed (1994)","Action|Romance|Thriller"
7,380,4,851869291,"True Lies (1994)","Action|Adventure|Comedy|Romance|Thriller"
7,480,4,851869161,"Jurassic Park (1993)","Action|Adventure|Sci-Fi|Thriller"
7,500,3,851867669,"Mrs. Doubtfire (1993)","Comedy|Drama"
7,534,4,851868246,"Shadowlands (1993)","Drama|Romance"
7,539,3,851867688,"Sleepless in Seattle (1993)","Comedy|Drama|Romance"
7,541,4,851869035,"Blade Runner (1982)","Action|Sci-Fi|Thriller"
7,551,4,851868019,"Nightmare Before Christmas, The (1993)","Animation|Children|Fantasy|Musical"
7,588,4,851868044,"Aladdin (1992)","Adventure|Animation|Children|Comedy|Musical"
7,589,3,851869140,"Terminator 2: Judgment Day (1991)","Action|Sci-Fi"
7,590,4,851868186,"Dances with Wolves (1990)","Adventure|Drama|Western"
7,592,3,851868863,"Batman (1989)","Action|Crime|Thriller"
7,594,4,851868020,"Snow White and the Seven Dwarfs (1937)","Animation|Children|Drama|Fantasy|Musical"
7,595,3,851868044,"Beauty and the Beast (1991)","Animation|Children|Fantasy|Musical|Romance|IMAX"
7,610,3,851868074,"Heavy Metal (1981)","Action|Adventure|Animation|Horror|Sci-Fi"
7,671,4,851866806,"Mystery Science Theater 3000: The Movie (1996)","Comedy|Sci-Fi"
7,708,3,851866744,"Truth About Cats & Dogs, The (1996)","Comedy|Romance"
7,720,5,851868019,"Wallace & Gromit: The Best of Aardman Animation (1996)","Adventure|Animation|Comedy"
7,724,2,851866784,"Craft, The (1996)","Drama|Fantasy|Horror|Thriller"
7,736,1,851866704,"Twister (1996)","Action|Adventure|Romance|Thriller"
7,737,1,851866763,"Barb Wire (1996)","Action|Sci-Fi"
7,745,5,851868020,"Wallace & Gromit: A Close Shave (1995)","Animation|Children|Comedy"
7,780,3,851866703,"Independence Day (a.k.a. ID4) (1996)","Action|Adventure|Sci-Fi|Thriller"
7,786,2,851866744,"Eraser (1996)","Action|Drama|Thriller"
7,924,4,851868289,"2001: A Space Odyssey (1968)","Adventure|Drama|Sci-Fi"
7,1036,3,851869102,"Die Hard (1988)","Action|Crime|Thriller"
7,1073,3,851866744,"Willy Wonka & the Chocolate Factory (1971)","Children|Comedy|Fantasy|Musical"
7,1079,4,851867320,"Fish Called Wanda, A (1988)","Comedy|Crime"
7,1080,4,851867289,"Monty Python's Life of Brian (1979)","Comedy"
7,1097,3,851868308,"E.T. the Extra-Terrestrial (1982)","Children|Drama|Sci-Fi"
7,1125,3,851867553,"Return of the Pink Panther, The (1975)","Comedy|Crime"
7,1129,3,851869103,"Escape from New York (1981)","Action|Adventure|Sci-Fi|Thriller"
7,1136,4,851867289,"Monty Python and the Holy Grail (1975)","Adventure|Comedy|Fantasy"
7,1148,5,851868019,"Wallace & Gromit: The Wrong Trousers (1993)","Animation|Children|Comedy|Crime"
7,1196,5,851869034,"Star Wars: Episode V - The Empire Strikes Back (1980)","Action|Adventure|Sci-Fi"
7,1197,3,851867289,"Princess Bride, The (1987)","Action|Adventure|Comedy|Fantasy|Romance"
7,1198,5,851869035,"Raiders of the Lost Ark (Indiana Jones and the Raiders of the Lost Ark) (1981)","Action|Adventure"
7,1210,5,851869034,"Star Wars: Episode VI - Return of the Jedi (1983)","Action|Adventure|Sci-Fi"
7,1220,4,851867379,"Blues Brothers, The (1980)","Action|Comedy|Musical"
7,1223,5,851868044,"Grand Day Out with Wallace and Gromit, A (1989)","Adventure|Animation|Children|Comedy|Sci-Fi"
7,1225,5,851868246,"Amadeus (1984)","Drama"
7,1231,4,851868321,"Right Stuff, The (1983)","Drama"
7,1240,4,851869062,"Terminator, The (1984)","Action|Sci-Fi|Thriller"
7,1242,5,851868289,"Glory (1989)","Drama|War"
7,1270,3,851867436,"Back to the Future (1985)","Adventure|Comedy|Sci-Fi"
7,1275,4,851869080,"Highlander (1986)","Action|Adventure|Fantasy"
7,1278,3,851867436,"Young Frankenstein (1974)","Comedy|Fantasy"
7,1287,4,851868332,"Ben-Hur (1959)","Action|Adventure|Drama"
7,1288,4,851867401,"This Is Spinal Tap (1984)","Comedy"
7,1291,3,851867320,"Indiana Jones and the Last Crusade (1989)","Action|Adventure"
7,1298,3,851868471,"Pink Floyd: The Wall (1982)","Drama|Musical"
7,1302,4,851868471,"Field of Dreams (1989)","Children|Drama|Fantasy"
7,1307,3,851867401,"When Harry Met Sally... (1989)","Comedy|Romance"
7,1353,3,851866935,"Mirror Has Two Faces, The (1996)","Comedy|Drama|Romance"
7,1371,3,851869160,"Star Trek: The Motion Picture (1979)","Adventure|Sci-Fi"
7,1372,3,851869102,"Star Trek VI: The Undiscovered Country (1991)","Action|Mystery|Sci-Fi"
7,1373,2,851869230,"Star Trek V: The Final Frontier (1989)","Action|Sci-Fi"
7,1374,4,851869035,"Star Trek II: The Wrath of Khan (1982)","Action|Adventure|Sci-Fi|Thriller"
7,1375,3,851869140,"Star Trek III: The Search for Spock (1984)","Action|Adventure|Sci-Fi"
7,1376,3,851869062,"Star Trek IV: The Voyage Home (1986)","Adventure|Comedy|Sci-Fi"
7,1394,3,851867688,"Raising Arizona (1987)","Comedy"
7,1405,5,851866978,"Beavis and Butt-Head Do America (1996)","Adventure|Animation|Comedy|Crime"
7,1408,1,851869140,"Last of the Mohicans, The (1992)","Action|Romance|War|Western"
8,32,5,1154465405,"Twelve Monkeys (a.k.a. 12 Monkeys) (1995)","Mystery|Sci-Fi|Thriller"
8,45,2.5,1154389572,"To Die For (1995)","Comedy|Drama|Thriller"
8,47,5,1154464836,"Seven (a.k.a. Se7en) (1995)","Mystery|Thriller"
8,50,5,1154400173,"Usual Suspects, The (1995)","Crime|Mystery|Thriller"
8,110,4,1154473268,"Braveheart (1995)","Action|Drama|War"
8,260,3.5,1154464829,"Star Wars: Episode IV - A New Hope (1977)","Action|Adventure|Sci-Fi"
8,282,2,1154389420,"Nell (1994)","Drama"
8,296,4,1154465380,"Pulp Fiction (1994)","Comedy|Crime|Drama|Thriller"
8,318,5,1154464714,"Shawshank Redemption, The (1994)","Crime|Drama"
8,356,4,1154400390,"Forrest Gump (1994)","Comedy|Drama|Romance|War"
8,457,4.5,1154400475,"Fugitive, The (1993)","Thriller"
8,520,3.5,1154389356,"Robin Hood: Men in Tights (1993)","Comedy"
8,524,2,1154400357,"Rudy (1993)","Drama"
8,527,5,1154400170,"Schindler's List (1993)","Drama|War"
8,543,5,1154389386,"So I Married an Axe Murderer (1993)","Comedy|Romance|Thriller"
8,589,4,1154464853,"Terminator 2: Judgment Day (1991)","Action|Sci-Fi"
8,593,4.5,1154464833,"Silence of the Lambs, The (1991)","Crime|Horror|Thriller"
8,628,4,1154400284,"Primal Fear (1996)","Crime|Drama|Mystery|Thriller"
8,805,3.5,1154389432,"Time to Kill, A (1996)","Drama|Thriller"
8,858,5,1154400181,"Godfather, The (1972)","Crime|Drama"
8,1196,3.5,1154464841,"Star Wars: Episode V - The Empire Strikes Back (1980)","Action|Adventure|Sci-Fi"
8,1197,4,1154464887,"Princess Bride, The (1987)","Action|Adventure|Comedy|Fantasy|Romance"
8,1198,4,1154464730,"Raiders of the Lost Ark (Indiana Jones and the Raiders of the Lost Ark) (1981)","Action|Adventure"
8,1210,4,1154464769,"Star Wars: Episode VI - Return of the Jedi (1983)","Action|Adventure|Sci-Fi"
8,1219,4,1154465573,"Psycho (1960)","Crime|Horror"
8,1225,4,1154465394,"Amadeus (1984)","Drama"
8,1258,4,1154465555,"Shining, The (1980)","Horror"
8,1259,4,1154464811,"Stand by Me (1986)","Adventure|Drama"
8,1265,3,1154465230,"Groundhog Day (1993)","Comedy|Fantasy|Romance"
8,1270,4,1154464747,"Back to the Future (1985)","Adventure|Comedy|Sci-Fi"
8,1291,4,1154464720,"Indiana Jones and the Last Crusade (1989)","Action|Adventure"
8,1302,3.5,1154400465,"Field of Dreams (1989)","Children|Drama|Fantasy"
8,1358,0.5,1154474527,"Sling Blade (1996)","Drama"
8,1387,4,1154465285,"Jaws (1975)","Action|Horror"
8,1393,3,1154400324,"Jerry Maguire (1996)","Drama|Romance"
8,1500,4,1154465235,"Grosse Pointe Blank (1997)","Comedy|Crime|Romance"
8,1552,3,1154389408,"Con Air (1997)","Action|Adventure|Thriller"
8,1617,3.5,1154464990,"L.A. Confidential (1997)","Crime|Film-Noir|Mystery|Thriller"
8,1625,5,1154389385,"Game, The (1997)","Drama|Mystery|Thriller"
8,1674,4,1154389491,"Witness (1985)","Drama|Romance|Thriller"
8,1704,4,1154473252,"Good Will Hunting (1997)","Drama|Romance"
8,1754,3,1154400308,"Fallen (1998)","Crime|Drama|Fantasy|Thriller"
8,1777,5,1154400458,"Wedding Singer, The (1998)","Comedy|Romance"
8,1876,3.5,1154389528,"Deep Impact (1998)","Drama|Sci-Fi|Thriller"
8,1961,5,1154473322,"Rain Man (1988)","Drama"
8,2028,4,1154473259,"Saving Private Ryan (1998)","Action|Drama|War"
8,2100,3,1154389460,"Splash (1984)","Comedy|Fantasy|Romance"
8,2139,3,1154465222,"Secret of NIMH, The (1982)","Adventure|Animation|Children|Drama"
8,2194,4.5,1154464735,"Untouchables, The (1987)","Action|Crime|Drama"
8,2302,4.5,1154400414,"My Cousin Vinny (1992)","Comedy"
8,2324,4,1154464850,"Life Is Beautiful (La Vita è bella) (1997)","Comedy|Drama|Romance|War"
8,2329,5,1154473217,"American History X (1998)","Crime|Drama"
8,2353,3.5,1154389340,"Enemy of the State (1998)","Action|Thriller"
8,2423,3.5,1154400351,"Christmas Vacation (National Lampoon's Christmas Vacation) (1989)","Comedy"
8,2502,5,1154464889,"Office Space (1999)","Comedy|Crime"
8,2571,5,1154464738,"Matrix, The (1999)","Action|Sci-Fi|Thriller"
8,2716,3.5,1154464944,"Ghostbusters (a.k.a. Ghost Busters) (1984)","Action|Comedy|Sci-Fi"
8,2762,4.5,1154464717,"Sixth Sense, The (1999)","Drama|Horror|Mystery"
8,2770,2.5,1154389541,"Bowfinger (1999)","Comedy"
8,2791,4.5,1154465558,"Airplane! (1980)","Comedy"
8,2797,3.5,1154400340,"Big (1988)","Comedy|Drama|Fantasy|Romance"
8,2804,3.5,1154473419,"Christmas Story, A (1983)","Children|Comedy"
8,2841,3,1154400360,"Stir of Echoes (1999)","Horror|Mystery|Thriller"
8,2858,4.5,1154464950,"American Beauty (1999)","Drama|Romance"
8,2918,5,1154473364,"Ferris Bueller's Day Off (1986)","Comedy"
8,2959,4,1154464901,"Fight Club (1999)","Action|Crime|Drama|Thriller"
8,3147,4.5,1154400266,"Green Mile, The (1999)","Crime|Drama"
8,3578,5,1154400441,"Gladiator (2000)","Action|Adventure|Drama"
8,3916,3.5,1154400198,"Remember the Titans (2000)","Drama"
8,3948,4,1154389482,"Meet the Parents (2000)","Comedy"
8,3996,4,1154465526,"Crouching Tiger, Hidden Dragon (Wo hu cang long) (2000)","Action|Drama|Romance"
8,4011,4.5,1154464873,"Snatch (2000)","Comedy|Crime|Thriller"
8,4019,3.5,1154400245,"Finding Forrester (2000)","Drama"
8,4034,4.5,1154465279,"Traffic (2000)","Crime|Drama|Thriller"
8,4226,5,1154464905,"Memento (2000)","Mystery|Thriller"
8,4262,4,1154464915,"Scarface (1983)","Action|Crime|Drama"
8,4448,2.5,1154400334,"Score, The (2001)","Action|Drama"
8,4886,3.5,1154464808,"Monsters, Inc. (2001)","Adventure|Animation|Children|Comedy|Fantasy"
8,4896,3.5,1154400398,"Harry Potter and the Sorcerer's Stone (a.k.a. Harry Potter and the Philosopher's Stone) (2001)","Adventure|Children|Fantasy"
8,4963,4.5,1154400383,"Ocean's Eleven (2001)","Crime|Thriller"
8,4973,4,1154465373,"Amelie (Fabuleux destin d'Amélie Poulain, Le) (2001)","Comedy|Romance"
8,4993,3.5,1154464819,"Lord of the Rings: The Fellowship of the Ring, The (2001)","Adventure|Fantasy"
8,4995,3.5,1154389449,"Beautiful Mind, A (2001)","Drama|Romance"
8,5064,5,1154400236,"The Count of Monte Cristo (2002)","Action|Adventure|Drama|Thriller"
8,5378,3.5,1154389552,"Star Wars: Episode II - Attack of the Clones (2002)","Action|Adventure|Sci-Fi|IMAX"
8,5445,4.5,1154400449,"Minority Report (2002)","Action|Crime|Mystery|Sci-Fi|Thriller"
8,5464,4,1154464756,"Road to Perdition (2002)","Crime|Drama"
8,5630,4,1154400407,"Red Dragon (2002)","Crime|Mystery|Thriller"
8,5650,4,1154465399,"Strange Brew (1983)","Comedy"
8,5669,3,1154465385,"Bowling for Columbine (2002)","Documentary"
8,5952,4,1154464762,"Lord of the Rings: The Two Towers, The (2002)","Adventure|Fantasy"
8,5989,3.5,1154400444,"Catch Me If You Can (2002)","Crime|Drama"
8,6377,4,1154389474,"Finding Nemo (2003)","Adventure|Animation|Children|Comedy"
8,6378,3,1154400191,"Italian Job, The (2003)","Action|Crime"
8,6870,4,1154464895,"Mystic River (2003)","Crime|Drama|Mystery"
8,6874,5,1154465296,"Kill Bill: Vol. 1 (2003)","Action|Crime|Thriller"
8,6879,3,1154400253,"Runaway Jury (2003)","Drama|Thriller"
8,7143,3.5,1154400294,"Last Samurai, The (2003)","Action|Adventure|Drama|War"
8,7153,4,1154464753,"Lord of the Rings: The Return of the King, The (2003)","Action|Adventure|Drama|Fantasy"
8,7361,4,1154465367,"Eternal Sunshine of the Spotless Mind (2004)","Drama|Romance|Sci-Fi"
8,7438,4,1154464994,"Kill Bill: Vol. 2 (2004)","Action|Drama|Thriller"
8,8533,2.5,1154400471,"Notebook, The (2004)","Drama|Romance"
8,8784,4.5,1154464868,"Garden State (2004)","Comedy|Drama|Romance"
8,8873,4,1154465499,"Motorcycle Diaries, The (Diarios de motocicleta) (2004)","Adventure|Drama"
8,8874,3,1154465548,"Shaun of the Dead (2004)","Comedy|Horror"
8,32587,3.5,1154465243,"Sin City (2005)","Action|Crime|Film-Noir|Mystery|Thriller"
8,33166,4.5,1154473310,"Crash (2004)","Crime|Drama"
8,33493,4.5,1154400263,"Star Wars: Episode III - Revenge of the Sith (2005)","Action|Adventure|Sci-Fi"
8,33794,4.5,1154464726,"Batman Begins (2005)","Action|Crime|IMAX"
8,34162,3.5,1154400423,"Wedding Crashers (2005)","Comedy|Romance"
8,40583,3.5,1154473088,"Syriana (2005)","Drama|Thriller"
8,40819,3.5,1154473264,"Walk the Line (2005)","Drama|Musical|Romance"
8,42007,2,1154473042,"Rumor Has It... (2005)","Comedy|Drama|Romance"
8,43556,3.5,1154473022,"Annapolis (2006)","Drama"
8,43871,3,1154473014,"Firewall (2006)","Crime|Drama|Thriller"
8,44004,3,1154473017,"Failure to Launch (2006)","Comedy|Romance"
9,1,4,938629179,"Toy Story (1995)","Adventure|Animation|Children|Comedy|Fantasy"
9,17,4,938628337,"Sense and Sensibility (1995)","Drama|Romance"
9,26,3,938628655,"Othello (1995)","Drama"
9,36,5,938629110,"Dead Man Walking (1995)","Crime|Drama"
9,47,3,938628897,"Seven (a.k.a. Se7en) (1995)","Mystery|Thriller"
9,318,4,938628966,"Shawshank Redemption, The (1994)","Crime|Drama"
9,497,4,938628777,"Much Ado About Nothing (1993)","Comedy|Romance"
9,515,4,938628577,"Remains of the Day, The (1993)","Drama|Romance"
9,527,5,938628843,"Schindler's List (1993)","Drama|War"
9,534,5,938628337,"Shadowlands (1993)","Drama|Romance"
9,593,4,938628843,"Silence of the Lambs, The (1991)","Crime|Horror|Thriller"
9,608,5,938628843,"Fargo (1996)","Comedy|Crime|Drama|Thriller"
9,733,2,938628337,"Rock, The (1996)","Action|Adventure|Thriller"
9,1059,5,938629250,"William Shakespeare's Romeo + Juliet (1996)","Drama|Romance"
9,1177,3,938629470,"Enchanted April (1992)","Drama|Romance"
9,1357,4,938628655,"Shine (1996)","Drama|Romance"
9,1358,4,938628450,"Sling Blade (1996)","Drama"
9,1411,3,938628655,"Hamlet (1996)","Crime|Drama|Romance"
9,1541,2,938628777,"Addicted to Love (1997)","Comedy|Romance"
9,1584,4,938629341,"Contact (1997)","Drama|Sci-Fi"
9,1680,4,938629054,"Sliding Doors (1998)","Drama|Romance"
9,1682,5,938628690,"Truman Show, The (1998)","Comedy|Drama|Sci-Fi"
9,1704,4,938628966,"Good Will Hunting (1997)","Drama|Romance"
9,1721,3,938629470,"Titanic (1997)","Drama|Romance"
9,1784,5,938628966,"As Good as It Gets (1997)","Comedy|Drama|Romance"
9,2028,4,938629341,"Saving Private Ryan (1998)","Action|Drama|War"
9,2125,4,938629522,"Ever After: A Cinderella Story (1998)","Comedy|Drama|Romance"
9,2140,4,938629747,"Dark Crystal, The (1982)","Adventure|Fantasy"
9,2249,4,938629053,"My Blue Heaven (1990)","Comedy"
9,2268,3,938629053,"Few Good Men, A (1992)","Crime|Drama|Thriller"
9,2273,3,938628777,"Rush Hour (1998)","Action|Comedy|Crime|Thriller"
9,2278,4,938628897,"Ronin (1998)","Action|Crime|Thriller"
9,2291,4,938629341,"Edward Scissorhands (1990)","Drama|Fantasy|Romance"
9,2294,2,938629250,"Antz (1998)","Adventure|Animation|Children|Comedy|Fantasy"
9,2302,4,938628843,"My Cousin Vinny (1992)","Comedy"
9,2391,4,939122916,"Simple Plan, A (1998)","Crime|Drama|Thriller"
9,2396,4,938628577,"Shakespeare in Love (1998)","Comedy|Drama|Romance"
9,2427,2,938629681,"Thin Red Line, The (1998)","Action|Drama|War"
9,2490,3,938629681,"Payback (1999)","Action|Thriller"
9,2501,4,938628966,"October Sky (1999)","Drama"
9,2539,2,938629341,"Analyze This (1999)","Comedy"
9,2571,5,938628450,"Matrix, The (1999)","Action|Sci-Fi|Thriller"
9,2628,3,938628843,"Star Wars: Episode I - The Phantom Menace (1999)","Action|Adventure|Sci-Fi"
9,2762,4,938627748,"Sixth Sense, The (1999)","Drama|Horror|Mystery"
9,2857,4,938629681,"Yellow Submarine (1968)","Adventure|Animation|Comedy|Fantasy|Musical"
10,50,5,942766420,"Usual Suspects, The (1995)","Crime|Mystery|Thriller"
10,152,4,942766793,"Addiction, The (1995)","Drama|Horror"
10,318,4,942766515,"Shawshank Redemption, The (1994)","Crime|Drama"
10,344,3,942766603,"Ace Ventura: Pet Detective (1994)","Comedy"
10,345,4,942766603,"Adventures of Priscilla, Queen of the Desert, The (1994)","Comedy|Drama"
10,592,3,942767328,"Batman (1989)","Action|Crime|Thriller"
10,735,4,942766974,"Cemetery Man (Dellamorte Dellamore) (1994)","Horror"
10,1036,3,942767258,"Die Hard (1988)","Action|Crime|Thriller"
10,1089,3,942766420,"Reservoir Dogs (1992)","Crime|Mystery|Thriller"
10,1101,2,942767328,"Top Gun (1986)","Action|Romance"
10,1127,4,942767328,"Abyss, The (1989)","Action|Adventure|Sci-Fi|Thriller"
10,1196,4,942767258,"Star Wars: Episode V - The Empire Strikes Back (1980)","Action|Adventure|Sci-Fi"
10,1197,4,942767258,"Princess Bride, The (1987)","Action|Adventure|Comedy|Fantasy|Romance"
10,1198,4,942767258,"Raiders of the Lost Ark (Indiana Jones and the Raiders of the Lost Ark) (1981)","Action|Adventure"
10,1200,4,942767258,"Aliens (1986)","Action|Adventure|Horror|Sci-Fi"
10,1210,4,942767258,"Star Wars: Episode VI - Return of the Jedi (1983)","Action|Adventure|Sci-Fi"
10,1220,3,942767328,"Blues Brothers, The (1980)","Action|Comedy|Musical"
10,1240,4,942767258,"Terminator, The (1984)","Action|Sci-Fi|Thriller"
10,1291,4,942767258,"Indiana Jones and the Last Crusade (1989)","Action|Adventure"
10,1358,5,942766420,"Sling Blade (1996)","Drama"
10,1423,4,942766420,"Hearts and Minds (1996)","Drama"
10,1459,3,942766725,"Absolute Power (1997)","Mystery|Thriller"
10,1499,3,942766845,"Anaconda (1997)","Action|Adventure|Thriller"
10,1611,5,942767029,"My Own Private Idaho (1991)","Drama|Romance"
10,1690,3,942766679,"Alien: Resurrection (1997)","Action|Horror|Sci-Fi"
10,1704,4,942766472,"Good Will Hunting (1997)","Drama|Romance"
10,1719,5,942766472,"Sweet Hereafter, The (1997)","Drama"
10,1887,2,942766845,"Almost Heroes (1998)","Adventure|Comedy|Western"
10,1923,5,942766515,"There's Something About Mary (1998)","Comedy|Romance"
10,2108,3,942766472,"L.A. Story (1991)","Comedy|Romance"
10,2344,5,942766991,"Runaway Train (1985)","Action|Adventure|Drama|Thriller"
10,2406,4,942767328,"Romancing the Stone (1984)","Action|Adventure|Comedy|Romance"
10,2410,2,942767328,"Rocky III (1982)","Action|Drama"
10,2539,4,942766845,"Analyze This (1999)","Comedy"
10,2571,5,942766515,"Matrix, The (1999)","Action|Sci-Fi|Thriller"
10,2826,5,942766109,"13th Warrior, The (1999)","Action|Adventure|Fantasy"
10,2827,3,942766251,"Astronaut's Wife, The (1999)","Horror|Sci-Fi|Thriller"
10,2840,3,942766213,"Stigmata (1999)","Drama|Thriller"
10,2841,4,942766029,"Stir of Echoes (1999)","Horror|Mystery|Thriller"
10,2881,3,942766164,"Double Jeopardy (1999)","Action|Crime|Drama|Thriller"
10,2890,4,942765978,"Three Kings (1999)","Action|Adventure|Comedy|Drama|War"
10,2907,2,942766213,"Superstar (1999)","Comedy"
10,2926,5,942767121,"Hairspray (1988)","Comedy|Drama"
10,2995,2,942766251,"House on Haunted Hill (1999)","Horror|Thriller"
10,3005,3,942766059,"Bone Collector, The (1999)","Thriller"
10,3019,4,942767571,"Drugstore Cowboy (1989)","Crime|Drama"
